{
  "epochs": [
    1,
    2,
    3,
    4,
    5,
    6,
    7,
    8,
    9,
    10,
    11,
    12,
    13,
    14,
    15,
    16,
    17,
    18,
    19,
    20,
    21,
    22,
    23,
    24,
    25,
    26,
    27,
    28,
    29,
    30,
    31,
    32,
    33,
    34,
    35,
    36,
    37,
    38,
    39,
    40,
    41,
    42,
    43,
    44,
    45,
    46,
    47,
    48,
    49,
    50,
    51,
    52,
    53,
    54,
    55,
    56,
    57,
    58,
    59,
    60,
    61,
    62,
    63,
    64,
    65,
    66,
    67,
    68,
    69,
    70
  ],
  "train_losses": [
    0.7276913057774306,
    0.63979286426045,
    0.612201481199637,
    0.578954197641462,
    0.5798975473407656,
    0.5566225525125861,
    0.5566589343931526,
    0.5490222630327567,
    0.5386041557079181,
    0.5356641156854108,
    0.5254203181173652,
    0.5200578511834144,
    0.5086716902563349,
    0.5060477002043277,
    0.5075301230659708,
    0.5077957887364551,
    0.49447194650629533,
    0.49129008717965333,
    0.4889875324621797,
    0.4864832533989102,
    0.47765902186222375,
    0.4766281790504232,
    0.4700788606998045,
    0.47461819621808826,
    0.4672889574040659,
    0.45698005843963474,
    0.4605461302600801,
    0.4490418691823259,
    0.4476395844737999,
    0.4494371584849432,
    0.4411395649012178,
    0.437016578789521,
    0.43974800106361506,
    0.4278229195316788,
    0.42737664108583706,
    0.4245339905824745,
    0.42088960552425125,
    0.41285708202216775,
    0.4038436181291938,
    0.4036676199288573,
    0.4036076055128127,
    0.3926416661377065,
    0.3881632533174474,
    0.3849058090585284,
    0.3876173166787252,
    0.3722031838323921,
    0.37115701222727077,
    0.3686039007634856,
    0.35933074637935497,
    0.35469554508402945,
    0.34928702633045616,
    0.3452033203706145,
    0.34340646281703374,
    0.33315949068786577,
    0.32203574145440944,
    0.32194875777610577,
    0.3185713252554648,
    0.3129392201511189,
    0.3064158165360801,
    0.30286216556881557,
    0.29531015985880515,
    0.2873819976550061,
    0.28002924687850755,
    0.2726545920438133,
    0.27540760243986734,
    0.26357777913063185,
    0.2600382698401343,
    0.2589873605841305,
    0.25633204867823517,
    0.24821196779790333
  ],
  "val_ious": [
    0.029250361265058398,
    0.05876569936191452,
    0.09718887271556523,
    0.09046274721839236,
    0.08038552197333931,
    0.084975187556481,
    0.10307079461059233,
    0.08615299218406591,
    0.08827830017893395,
    0.08657339768129096,
    0.09819307714199887,
    0.10852259888351665,
    0.11011989284123176,
    0.11577915088135832,
    0.10018907236453237,
    0.1265417889728485,
    0.09515952634323308,
    0.08304424873046419,
    0.1168065800198462,
    0.1305708608799935,
    0.0736678656998681,
    0.06469692637484856,
    0.10185792557161373,
    0.08652100022754285,
    0.05990565085851025,
    0.10149726868089685,
    0.06909366071160977,
    0.10542992706185932,
    0.0914044457892458,
    0.046829086889788776,
    0.08211503504270241,
    0.09925100493586626,
    0.08718063749088804,
    0.1153963081656917,
    0.08255033806633566,
    0.133569795549952,
    0.10878118866979934,
    0.07640972130751515,
    0.09813474968288198,
    0.12057991182140697,
    0.1062687800453352,
    0.12888231771669412,
    0.09457620357582307,
    0.12011325069895767,
    0.1128206370438464,
    0.08861442592342038,
    0.11202730638252939,
    0.10356972105467807,
    0.09979345540117854,
    0.10201755778786688,
    0.07742438604250369,
    0.10510140309989308,
    0.09988354464094971,
    0.10743254691796338,
    0.10378039541917629,
    0.11513758923182561,
    0.10279018336727638,
    0.11253635203850633,
    0.10704520145403584,
    0.0962482290505591,
    0.10233788823176104,
    0.11433727668169687,
    0.08564951364455158,
    0.10581017470633054,
    0.09119471112100126,
    0.09125951377878168,
    0.08391718407078347,
    0.09587680903193394,
    0.09433005424396193,
    0.08836261454516264
  ]
}