{
  "epochs": [
    1,
    2,
    3,
    4,
    5,
    6,
    7,
    8,
    9,
    10,
    11,
    12,
    13,
    14,
    15,
    16,
    17,
    18,
    19,
    20,
    21,
    22,
    23,
    24,
    25,
    26,
    27,
    28,
    29,
    30,
    31,
    32,
    33,
    34,
    35,
    36,
    37,
    38,
    39,
    40,
    41,
    42,
    43,
    44,
    45,
    46,
    47,
    48,
    49,
    50,
    51,
    52,
    53,
    54,
    55,
    56,
    57,
    58,
    59,
    60,
    61,
    62,
    63,
    64,
    65,
    66,
    67,
    68,
    69,
    70
  ],
  "train_losses": [
    0.7009938433691859,
    0.5825582442924381,
    0.530247035542503,
    0.5105688516939059,
    0.4922225418567657,
    0.48131837892495094,
    0.4718577970329672,
    0.4662680901935324,
    0.44480901224631814,
    0.4505424726758152,
    0.43436044209674,
    0.4290895948969759,
    0.4213856527612079,
    0.4198117921071127,
    0.40946616377802564,
    0.4010283799712546,
    0.39295789716555735,
    0.3940681648449041,
    0.3838426404407248,
    0.39336443144837396,
    0.3772884325131774,
    0.37996895247430074,
    0.37157698565647007,
    0.3700556621629745,
    0.3626242951960303,
    0.35976191446897576,
    0.35369473769678733,
    0.3437460789908655,
    0.3423597426469438,
    0.34907634292393924,
    0.33407952661952006,
    0.3296977641409263,
    0.32448038600739093,
    0.3198838336899877,
    0.31941861346838996,
    0.3099871573698707,
    0.31281701699555853,
    0.29821082050993575,
    0.3015267511533573,
    0.2969578122472158,
    0.2942670393522363,
    0.2955023781057913,
    0.2795406613731757,
    0.27902380400742405,
    0.26927540264474226,
    0.2662215768550057,
    0.26190480613047257,
    0.2601876846433617,
    0.25137870503552256,
    0.24624264654442668,
    0.240988553383993,
    0.23655380888552172,
    0.22683071558265946,
    0.22997001078468748,
    0.2278243504131213,
    0.22035520211029797,
    0.21277470745136962,
    0.20866775177977978,
    0.20363923033602768,
    0.19959498174216134,
    0.19486886981388088,
    0.18885452515998621,
    0.18607441772023448,
    0.18412454672639725,
    0.17910379307114055,
    0.17610151323881001,
    0.17339095142700825,
    0.17007259881341596,
    0.1686740694065229,
    0.16428066021524138
  ],
  "val_ious": [
    0.050586183489719445,
    0.06475030216961512,
    0.12099564196498597,
    0.11260229079079029,
    0.11584407639127192,
    0.14967289976079323,
    0.10044276641560364,
    0.10402313433829508,
    0.060811580478055884,
    0.12947216444930054,
    0.15325328203430857,
    0.1470758944029145,
    0.1966721690025594,
    0.14209620292391506,
    0.15805059996520687,
    0.13463029321146472,
    0.16435797425641863,
    0.1497957772615936,
    0.11057783711520772,
    0.15598726700005436,
    0.21674075272912466,
    0.1626297964543726,
    0.13810097813029124,
    0.16041575142781683,
    0.1677113494464899,
    0.1991052871882819,
    0.1452880891770859,
    0.16368905674138337,
    0.1468310593513947,
    0.13399357706687842,
    0.15640086564099376,
    0.15345669709577942,
    0.21056100626189067,
    0.158993390511418,
    0.15834483993683104,
    0.16526817629076476,
    0.11889799850528736,
    0.15354013031731925,
    0.15422027620456288,
    0.17294385658906708,
    0.1392551254781098,
    0.198173352289105,
    0.15412409155776607,
    0.17522325066279154,
    0.17373880238008643,
    0.1642328581087137,
    0.17136817119796594,
    0.1688220176305134,
    0.17274461045604617,
    0.1593079263459146,
    0.18464156268011148,
    0.17096463657880182,
    0.18063818892462447,
    0.1734396815661385,
    0.1712583986251007,
    0.16662401554633519,
    0.1634280340880393,
    0.1693208058699856,
    0.1619984817345431,
    0.17953488177521745,
    0.17403595915786513,
    0.16628665026635173,
    0.15659552659928258,
    0.16520448346339545,
    0.1672946572752316,
    0.16349066541699156,
    0.16531226091548748,
    0.16483568263337128,
    0.16656321782788394,
    0.1660553870770309
  ]
}